cd886ca9-473a-4263-9940-079cd43551c2,teste,jfhffhhf,2024-06-27
b61e979d-aa4d-4c58-b329-f156cf9cc649,tefg,vcffghh,2024-06-27
1af68dae-b4d9-40b2-aca2-a395f0920e70,ff,bbbbb,2024-06-27
1887bef0-9b1f-4fd9-97a6-e4fc5077ff73,hj,hh,2024-06-27
1887bef0-9b1f-4fd9-97a6-e4fc5077ff73,hj,hh,2024-06-27
1887bef0-9b1f-4fd9-97a6-e4fc5077ff73,hj,hh,2024-06-27
1887bef0-9b1f-4fd9-97a6-e4fc5077ff73,hj,hh,2024-06-27
1887bef0-9b1f-4fd9-97a6-e4fc5077ff73,hj,hh,2024-06-27
892f57fc-df21-4dc2-9cfa-f79b737597e4,davi,jogo,2024-06-27
892f57fc-df21-4dc2-9cfa-f79b737597e4,davi,jogo,2024-06-27
892f57fc-df21-4dc2-9cfa-f79b737597e4,davi,jogo,2024-06-27
892f57fc-df21-4dc2-9cfa-f79b737597e4,davi,jogo,2024-06-27
892f57fc-df21-4dc2-9cfa-f79b737597e4,davi,jogo,2024-06-27
11823aa9-fc8e-4e1a-9e81-c770f72aab03,jsjs,djdj,2024-06-27
10cd3a6a-ef45-4e74-8bda-41b69987dce7,dkdjd,jdkdjddn,2024-06-27
10cd3a6a-ef45-4e74-8bda-41b69987dce7,dkdjd,jdkdjddn,2024-06-27
10cd3a6a-ef45-4e74-8bda-41b69987dce7,dkdjd,jdkdjddn,2024-06-27
10cd3a6a-ef45-4e74-8bda-41b69987dce7,dkdjd,jdkdjddn,2024-06-27
10cd3a6a-ef45-4e74-8bda-41b69987dce7,dkdjd,jdkdjddn,2024-06-27
10cd3a6a-ef45-4e74-8bda-41b69987dce7,dkdjd,jdkdjddn,2024-06-27
